<?xml version="1.0"?>
<resource tagVersion="0.9">
	<location id="structure">
		<type>xml</type>
		<url>real/structure.xml</url>
	</location>
	<location id="content">
		<type>xml</type>
		<url>real/content.xml</url>
	</location>
	<location id="cursors">
		<type>xml</type>
		<url>real/cursors.xml</url>
	</location>
	<location id="roles">
		<type>xml</type>
		<url>real/roles.xml</url>
	</location>
	
	<location id="elements">
		<type>design</type>
		<url>elements.swf</url>
	</location>
	<location id="fonts">
		<type>font</type>
		<url>fonts.swf</url>
	</location>
	<location id="style">
		<type>css</type>
		<url>real/style.css</url>
	</location>
	
	<!--location id="console" type="xml" url="console.xml"/-->
</resource>
