<?xml version="1.0"?>
<content tagVersion="0.6" contentVersion="0.1">
	<node id="TC001">
		<label>Планирование обучения</label>
		<new/>
		<type>diamond</type>
		<description>
			<![CDATA[<b>Описание</b> <font color="#FF0000" size="20">описание</font> <li>описание</li><li>описание</li><li>описание</li><li>описание</li>описание описание описание описаниеописание описание описание описанианиеописание описаниеописаниеописание описаниеописаниеописан иеописаниеоп исаниеописание описаниеописаниеописание описаниеописаниеописан иеописаниеоп исаниеописание описаниеописаниеописание описаниеописаниеописан иеописаниеоп исаниеописание описаниеописаниеописание описаниеописаниеописан иеописаниеоп исаниеописание описаниеописаниеописание описаниеописаниеописан иеописаниеоп исаниеописание описаниеописаниеописание описаниеописаниеописан иеописаниеоп исаниеописание. ]]>
		</description>
	</node>
	<node id="TC002">
		<label>Проведение обучения</label>
	</node>
	<node id="3">
		<label>Анализ результатов обучения</label>
		<type>oval</type>
	</node>
	<node id="TC004">
		<label>Планирование обучения на основе заявок</label>
	</node>
	<node id="TC005">
		<label>Формирование плана обучения на основе индивидуальных планов развития</label>
	</node>
	<node id="TC009">
		<label>Планирование на основе нормативов</label>
	</node>
	<node id="TC006">
		<label>Формирование бюджета на обучение</label>
	</node>
	<node id="TC007">
		<label>Учет сформированного бюджета на обучение</label>
	</node>
	<node id="TC008">
		<label>Планирование мероприятий</label>
	</node>
	<node id="TC010">
		<label>Формирование групп на мероприятия</label>
	</node>
	<node id="TC011">
		<label>Подтверждение участия в мероприятии, корректировка групп</label>
	</node>
	<node id="TC012">
		<label>Подготовка к проведению мероприятия</label>
	</node>
	<node id="TC013">
		<label>Проведение мероприятия</label>
	</node>

	<node id="2.1.1">
		<label>Сбор заявок на мероприятие</label>
		<role id="2"/>
	</node>
	<node id="2.1.2">
		<label>Обработка ранее созданных заявок</label>
		<role id="3"/>
	</node>
	<node id="2.1.3">
		<label>Обработка индивидуальных планов обучения</label>
		<role id="3"/>
	</node>
	<node id="2.1.4">
		<label>Формирование групп на основе заявок, созданных вне WT</label>
		<role id="3"/>
	</node>
	<node id="2.1.5">
		<label>Отправка уведомлений участникам мероприятия</label>
		<role id="2"/>
	</node>

	<node id="2.2.1">
		<label>Корректировка списка участников ответственным</label>
		<role id="2"/>
	</node>
	<node id="2.2.2">
		<label>Подтверждение участия сотрудника в мероприятии</label>
		<role id="3"/>
	</node>

	<node id="2.4.1">
		<label>Изменение статуса мероприятия</label>
		<role id="2"/>
	</node>
	<node id="2.4.2">
		<label>Проставление отметки о посещении</label>
	</node>
	<node id="2.4.3">
		<label>Проставление оценки</label>
	</node>
	<node id="2.4.4">
		<label>Заполнение отзыва о мероприятии</label>
	</node>
	<node id="2.4.5">
		<label>Перевод мероприятия в архив</label>
	</node>

	<relation from="TC001" to="TC002">
		<label>Перейти к обучению</label>
		<description>Переход к обучению (от TC001 к TC002)</description>
	</relation>
	<relation from="TC002" to="3">
		<description>description</description>
	</relation>
</content>
