<?xml version="1.0"?>
<roles tagVersion="0.5" contentVersion="0.0">
	<role id="1">
		<label>Some role</label>
		<description>
<![CDATA[Описание <b>описание</b> описание описание описание описание описание описание описание описание описание описание описание описание описание описание описание описание описание описание описание описание описание описание описание описание описание описание описание описание]]>
		</description>
		<skin>RoleMoney</skin>
	</role>
	<role id="2">
		<label>Some role 2</label>
		<description>
<![CDATA[Описание <b>описание 2</b> <i>описание</i> описание описание описание описание описание описание описание описание описание описание описание описание описание описание описание описание описание описание описание описание описание описание описание описание описание описание описание]]>
		</description>
	</role>
	<role id="3">
		<label>Some role 3 Some role 3 Some role 3 </label>
		<description>
<![CDATA[<li>Описание 3</li><li>описание 3</li><li>описание 3</li>описание <br/>описание описание описание описание описание описание описание описание описание описание описание описание описание описание описание описание описание описание описание описание описание описание описание описание описание описание]]>
		</description>
	</role>
</roles>
