<?xml version="1.0" encoding="windows-1251"?><description><version>2</version><web_design><id>006</id><name>newdesign6</name><url>newdesign6</url></web_design><resources><resource><file_url>pics\1.gif</file_url></resource><resource><file_url>pics\10.gif</file_url></resource><resource><file_url>pics\11.gif</file_url></resource><resource><file_url>pics\1blank.gif</file_url></resource><resource><file_url>pics\2.gif</file_url></resource><resource><file_url>pics\3.gif</file_url></resource><resource><file_url>pics\4.gif</file_url></resource><resource><file_url>pics\5.gif</file_url></resource><resource><file_url>pics\6.gif</file_url></resource><resource><file_url>pics\7.gif</file_url></resource><resource><file_url>pics\8.gif</file_url></resource><resource><file_url>pics\9.gif</file_url></resource><resource><file_url>pics\Add.gif</file_url></resource><resource><file_url>pics\Add_1.gif</file_url></resource><resource><file_url>pics\Add_1.png</file_url></resource><resource><file_url>pics\ajax-loader-tiny.gif</file_url></resource><resource><file_url>pics\ajax-loader.gif</file_url></resource><resource><file_url>pics\arrow-down.gif</file_url></resource><resource><file_url>pics\arrow-none.gif</file_url></resource><resource><file_url>pics\arrow-up.gif</file_url></resource><resource><file_url>pics\arrow.gif</file_url></resource><resource><file_url>pics\arrow_left.gif</file_url></resource><resource><file_url>pics\arrow_right.gif</file_url></resource><resource><file_url>pics\atten.JPG</file_url></resource><resource><file_url>pics\button_bg.gif</file_url></resource><resource><file_url>pics\button_bg_over.gif</file_url></resource><resource><file_url>pics\collaborator.ico</file_url></resource><resource><file_url>pics\color1.gif</file_url></resource><resource><file_url>pics\color2.gif</file_url></resource><resource><file_url>pics\color3.gif</file_url></resource><resource><file_url>pics\color4.gif</file_url></resource><resource><file_url>pics\color5.gif</file_url></resource><resource><file_url>pics\color6.gif</file_url></resource><resource><file_url>pics\current.gif</file_url></resource><resource><file_url>pics\c_br.gif</file_url></resource><resource><file_url>pics\c_tl.gif</file_url></resource><resource><file_url>pics\Delete_2.gif</file_url></resource><resource><file_url>pics\Delete_3.gif</file_url></resource><resource><file_url>pics\dir.gif</file_url></resource><resource><file_url>pics\doc.gif</file_url></resource><resource><file_url>pics\down.gif</file_url></resource><resource><file_url>pics\email.gif</file_url></resource><resource><file_url>pics\event.gif</file_url></resource><resource><file_url>pics\ex.gif</file_url></resource><resource><file_url>pics\favicon.ico</file_url></resource><resource><file_url>pics\fhalf.GIF</file_url></resource><resource><file_url>pics\folder.gif</file_url></resource><resource><file_url>pics\footer_bg.gif</file_url></resource><resource><file_url>pics\forum.gif</file_url></resource><resource><file_url>pics\full.GIF</file_url></resource><resource><file_url>pics\group.gif</file_url></resource><resource><file_url>pics\group.ico</file_url></resource><resource><file_url>pics\header_center.gif</file_url></resource><resource><file_url>pics\header_center.swf</file_url></resource><resource><file_url>pics\hor_divider_bg.gif</file_url></resource><resource><file_url>pics\hot.gif</file_url></resource><resource><file_url>pics\icon_home_0.gif</file_url></resource><resource><file_url>pics\icon_home_1.gif</file_url></resource><resource><file_url>pics\icon_home_2.gif</file_url></resource><resource><file_url>pics\icon_mail_0.gif</file_url></resource><resource><file_url>pics\icon_mail_1.gif</file_url></resource><resource><file_url>pics\icon_map_0.gif</file_url></resource><resource><file_url>pics\icon_map_0__.gif</file_url></resource><resource><file_url>pics\icon_map_1.gif</file_url></resource><resource><file_url>pics\icon_search_0.gif</file_url></resource><resource><file_url>pics\icon_search_1.gif</file_url></resource><resource><file_url>pics\img.png</file_url></resource><resource><file_url>pics\knowledge_line.png</file_url></resource><resource><file_url>pics\lector.ico</file_url></resource><resource><file_url>pics\leftPanel_headerleft.gif</file_url></resource><resource><file_url>pics\leftPanel_headerright.gif</file_url></resource><resource><file_url>pics\less1.png</file_url></resource><resource><file_url>pics\lesson.gif</file_url></resource><resource><file_url>pics\less_min1.png</file_url></resource><resource><file_url>pics\library_section.gif</file_url></resource><resource><file_url>pics\link.gif</file_url></resource><resource><file_url>pics\menu_divider.gif</file_url></resource><resource><file_url>pics\minus.jpg</file_url></resource><resource><file_url>pics\mm_bg.gif</file_url></resource><resource><file_url>pics\more.gif</file_url></resource><resource><file_url>pics\more1.png</file_url></resource><resource><file_url>pics\more_max1.png</file_url></resource><resource><file_url>pics\m_closed.gif</file_url></resource><resource><file_url>pics\m_hide.gif</file_url></resource><resource><file_url>pics\m_item.gif</file_url></resource><resource><file_url>pics\m_open.gif</file_url></resource><resource><file_url>pics\new.gif</file_url></resource><resource><file_url>pics\no.gif</file_url></resource><resource><file_url>pics\nophoto.jpg</file_url></resource><resource><file_url>pics\ok.gif</file_url></resource><resource><file_url>pics\org.ico</file_url></resource><resource><file_url>pics\path_divider.gif</file_url></resource><resource><file_url>pics\person.gif</file_url></resource><resource><file_url>pics\plus.jpg</file_url></resource><resource><file_url>pics\preparation.ico</file_url></resource><resource><file_url>pics\print.gif</file_url></resource><resource><file_url>pics\progress.gif</file_url></resource><resource><file_url>pics\refresh.ico</file_url></resource><resource><file_url>pics\rss_icon.jpg</file_url></resource><resource><file_url>pics\save.png</file_url></resource><resource><file_url>pics\shalf.GIF</file_url></resource><resource><file_url>pics\smile1.gif</file_url></resource><resource><file_url>pics\smile10.gif</file_url></resource><resource><file_url>pics\smile11.gif</file_url></resource><resource><file_url>pics\smile12.gif</file_url></resource><resource><file_url>pics\smile2.gif</file_url></resource><resource><file_url>pics\smile3.gif</file_url></resource><resource><file_url>pics\smile4.gif</file_url></resource><resource><file_url>pics\smile5.gif</file_url></resource><resource><file_url>pics\smile6.gif</file_url></resource><resource><file_url>pics\smile7.gif</file_url></resource><resource><file_url>pics\smile8.gif</file_url></resource><resource><file_url>pics\smile9.gif</file_url></resource><resource><file_url>pics\subdivision.gif</file_url></resource><resource><file_url>pics\subdivision.ico</file_url></resource><resource><file_url>pics\test.gif</file_url></resource><resource><file_url>pics\text.gif</file_url></resource><resource><file_url>pics\Thumbs.db</file_url></resource><resource><file_url>pics\top_bg.gif</file_url></resource><resource><file_url>pics\top_bg.jpg</file_url></resource><resource><file_url>pics\top_logo.gif</file_url></resource><resource><file_url>pics\top_logo.png</file_url></resource><resource><file_url>pics\tree_ex.gif</file_url></resource><resource><file_url>pics\tree_fx.gif</file_url></resource><resource><file_url>pics\tree_vx.gif</file_url></resource><resource><file_url>pics\tutor.ico</file_url></resource><resource><file_url>pics\up.gif</file_url></resource><resource><file_url>pics\user_info.gif</file_url></resource><resource><file_url>pics\vwicn026.gif</file_url></resource><resource><file_url>pics\vwicn027.gif</file_url></resource><resource><file_url>pics\vwicn038.gif</file_url></resource><resource><file_url>pics\vwicn051.gif</file_url></resource><resource><file_url>pics\vwicn082.gif</file_url></resource><resource><file_url>pics\yes.png</file_url></resource><resource><file_url>pics\zerro.gif</file_url></resource><resource><file_url>favicon.ico</file_url></resource><resource><file_url>view_doc.html</file_url></resource><resource><file_url>view_main_voting.html</file_url></resource><resource><file_url>style.css</file_url></resource><resource><file_url>web_common.xml</file_url></resource></resources></description>