<?xml version="1.0" encoding="utf-8"?>
<kapit_settings>
	<server_url><%=("http://" + Request.UrlHost +"/" + (curWebDesignUrl != "" ? curWebDesignUrl + "/" : ""))%></server_url>
	<debug>0</debug>
	<async_load>1</async_load>
	<layout></layout>
	<xml_url>knowledge_map.xml?mode=kapit</xml_url>
	<ico_carpet>pics/knowledge_line.png</ico_carpet>
	<ico_main></ico_main>
	<objects>
		<object id="document">
			<ico_x>0</ico_x>
			<ico_width_x>32</ico_width_x>
			<url>view_doc.html?mode=doc&doc_id={ID}</url>
		</object>
		<object id="competence_profile">
			<ico_x>33</ico_x>
			<ico_width_x>32</ico_width_x>
			<url>view_doc.html?mode=competence_profile&object_id={ID}</url>
		</object>
		<object id="forum">
			<ico_x>65</ico_x>
			<ico_width_x>32</ico_width_x>
			<url>view_doc.html?mode=forum&object_id={ID}</url>
		</object>
		<object id="assessment">
			<ico_x>102</ico_x>
			<ico_width_x>32</ico_width_x>
			<url>view_doc.html?mode=assessment&object_id={ID}</url>
		</object>
		<object id="course">
			<ico_x>134</ico_x>
			<ico_width_x>32</ico_width_x>
			<url>view_doc.html?mode=course&object_id={ID}</url>
		</object>
		<object id="education_method">
			<ico_x>168</ico_x>
			<ico_width_x>32</ico_width_x>
			<url>view_doc.html?mode=education_method&object_id={ID}</url>
		</object>
		<object id="competence">
			<ico_x>202</ico_x>
			<ico_width_x>32</ico_width_x>
			<url>view_window_indicator_info.html?type=competence&doc_id={ID}</url>
		</object>
		<object id="indicator">
			<ico_x>235</ico_x>
			<ico_width_x>23</ico_width_x>
			<url>view_window_indicator_info.html?type=indicator&doc_id={ID}</url>
		</object>
		<object id="item">
			<ico_x>257</ico_x>
			<ico_width_x>31</ico_width_x>
			<url></url>
		</object>
		<object id="subdivision">
			<ico_x>288</ico_x>
			<ico_width_x>32</ico_width_x>
			<url>view_doc.html?mode=subdivision&object_id={ID}</url>
		</object>
		<object id="subdivision_group">
			<ico_x>318</ico_x>
			<ico_width_x>30</ico_width_x>
			<url></url>
		</object>
		<object id="position_family">
			<ico_x>349</ico_x>
			<ico_width_x>34</ico_width_x>
			<url></url>
		</object>
		<object id="collaborator">
			<ico_x>384</ico_x>
			<ico_width_x>26</ico_width_x>
			<url>view_doc.html?mode=collaborator&object_id={ID}</url>
		</object>
		<object id="article">
			<ico_x>409</ico_x>
			<ico_width_x>32</ico_width_x>
			<url>webhelp/webhelp.html?object_id={ID}</url>
		</object>
		<object id="book">
			<ico_x>443</ico_x>
			<ico_width_x>32</ico_width_x>
			<url>webhelp/webhelp.html?object_id={ID}</url>
		</object>
		<object id="knowledge_classifier">
			<ico_x>475</ico_x>
			<ico_width_x>32</ico_width_x>
			<url>view_doc.html?mode=knowledge_classifier</url>
		</object>
		<object id="knowledge_part">
			<ico_x>508</ico_x>
			<ico_width_x>28</ico_width_x>
			<url>view_doc.html?mode=knowledge_part&object_id={ID}</url>
		</object>
		<object id="resource">
			<ico_x>540</ico_x>
			<ico_width_x>32</ico_width_x>
			<url>view_doc.html?mode=resource&object_id={ID}</url>
		</object>
	</objects>
</kapit_settings>